<emlc:Event xmlns:xsi="http://www.w3.org/2001/XMLSchema-instance" xmlns:xsd="http://www.w3.org/2001/XMLSchema" 
		xmlns:emevent="http://release.niem.gov/niem/domains/emergencyManagement/4.0/emevent/2.0/" xmlns:gml="http://www.opengis.net/gml/3.2" 
		xmlns:mo="http://release.niem.gov/niem/domains/militaryOperations/4.0/" xmlns:nc="http://release.niem.gov/niem/niem-core/4.0/" 
		xmlns:xls="http://release.niem.gov/niem/external/ogc/xls/1.1.0/dhs-gmo/2.1.0" xmlns:rtlt="http://www.ptaccenter.org/Rtlt.Core.Api.V1" 
		xmlns:xlink="http://www.w3.org/1999/xlink" xmlns:maid="http://release.niem.gov/niem/domains/emergencyManagement/4.0/emevent/2.0/maid/" 
		xmlns:sensor="http://release.niem.gov/niem/domains/emergencyManagement/4.0/emevent/2.0/sensor/"
		xmlns:biodet="http://release.niem.gov/niem/domains/emergencyManagement/4.0/emevent/2.0/sensor/biological/" 
		xmlns:chemdet="http://release.niem.gov/niem/domains/emergencyManagement/4.0/emevent/2.0/sensor/chemical/" 
		xmlns:devdet="http://release.niem.gov/niem/domains/emergencyManagement/4.0/emevent/2.0/sensor/device/" 
		xmlns:envdet="http://release.niem.gov/niem/domains/emergencyManagement/4.0/emevent/2.0/sensor/environmental/" 
		xmlns:expdet="http://release.niem.gov/niem/domains/emergencyManagement/4.0/emevent/2.0/sensor/explosive/" 
		xmlns:phydet="http://release.niem.gov/niem/domains/emergencyManagement/4.0/emevent/2.0/sensor/physiological/" 
		xmlns:powdet="http://release.niem.gov/niem/domains/emergencyManagement/4.0/emevent/2.0/sensor/power/"
		xmlns:locdet="http://release.niem.gov/niem/domains/emergencyManagement/4.0/emevent/2.0/sensor/location/"						
		xmlns:emlc="http://release.niem.gov/niem/domains/emergencyManagement/4.0/emevent/2.0/emlc/">
	<emevent:EventTypeDescriptor>
		<emevent:EventTypeCode>ATOM.GRDTRK.EQT.GRDVEH.CVLVEH.EM.EMS.AMBULANCE.ALS</emevent:EventTypeCode>
	</emevent:EventTypeDescriptor>
	<mo:EventLocation>
		<mo:WGS84LocationCylinder>
			<mo:WGS84LocationPoint>
				<gml:Point gml:id="ID22703976" srsName="http://metadata.ces.mil/mdr/ns/GSIP/crs/WGS84E_3D">
					<gml:pos>0 0</gml:pos>
				</gml:Point>
			</mo:WGS84LocationPoint>
			<mo:LocationCylinderRadiusValue>0.0</mo:LocationCylinderRadiusValue>
			<mo:LocationCylinderHalfHeightValue>0.0</mo:LocationCylinderHalfHeightValue>
			<mo:LocationCreationCode>HUMAN</mo:LocationCreationCode>
		</mo:WGS84LocationCylinder>
	</mo:EventLocation>
	<mo:EventValidityDateTimeRange>
		<nc:StartDate>
			<nc:DateTime>2018-05-25T16:25:18.6445476Z</nc:DateTime>
		</nc:StartDate>
		<nc:EndDate>
			<nc:DateTime>2018-05-25T18:25:18.6445477Z</nc:DateTime>
		</nc:EndDate>
	</mo:EventValidityDateTimeRange>
	<mo:EventMessageDateTime>
		<nc:DateTime>2018-05-25T16:25:18.6445476Z</nc:DateTime>
	</mo:EventMessageDateTime>
	<emevent:EventID>
		<nc:IdentificationID>John.Smith</nc:IdentificationID>
	</emevent:EventID>
	<emlc:ResourceDetail>
		<emlc:ResourceStatus>
			<emlc:ResourcePrimaryStatus>AVAILABLE</emlc:ResourcePrimaryStatus>
		</emlc:ResourceStatus>
		<emlc:ResourceOwningOrganization>
			<nc:OrganizationIdentification>
				<nc:IdentificationID>LAFD</nc:IdentificationID>
			</nc:OrganizationIdentification>
			<emlc:ResourceIdentifier>
				<nc:IdentificationID>JSmith</nc:IdentificationID>
			</emlc:ResourceIdentifier>
		</emlc:ResourceOwningOrganization>
	</emlc:ResourceDetail>
	<sensor:SensorDetail>
		<sensor:SensorID>SENSOR ID</sensor:SensorID>
		<sensor:SensorStatus>String</sensor:SensorStatus>
		<sensor:BiologicalDetail>
			<biodet:AnthraxIndicator>true</biodet:AnthraxIndicator>
			<biodet:BotulisIndicator>true</biodet:BotulisIndicator>
			<biodet:BubonicPlagueIndicator>true</biodet:BubonicPlagueIndicator>
			<biodet:HemorrhagicFeverIndicator>true</biodet:HemorrhagicFeverIndicator>
			<biodet:SmallPoxIndicator>true</biodet:SmallPoxIndicator>
			<biodet:TularemiaIndicator>true</biodet:TularemiaIndicator>
			<biodet:OtherBiological>
				<sensor:OtherSensorID>String</sensor:OtherSensorID>
				<sensor:OtherSensorValueText>true</sensor:OtherSensorValueText>
				<sensor:OtherSensorDataTypeCode>BOOLEAN</sensor:OtherSensorDataTypeCode>
        <sensor:OtherSensorUnitOfMeasureDescriptionText>String</sensor:OtherSensorUnitOfMeasureDescriptionText>
        <sensor:OtherSensorUnitOfMeasureAbbreviationText>abr</sensor:OtherSensorUnitOfMeasureAbbreviationText>
			</biodet:OtherBiological>
			<biodet:OtherBiological>
				<sensor:OtherSensorID>String</sensor:OtherSensorID>
				<sensor:OtherSensorValueText>false</sensor:OtherSensorValueText>
				<sensor:OtherSensorDataTypeCode>BOOLEAN</sensor:OtherSensorDataTypeCode>
        <sensor:OtherSensorUnitOfMeasureDescriptionText>String</sensor:OtherSensorUnitOfMeasureDescriptionText>
			</biodet:OtherBiological>
		</sensor:BiologicalDetail>
		<sensor:ChemicalDetail>
			<chemdet:AcidValue>3.1415926535897900073734945</chemdet:AcidValue>
			<chemdet:AmmoniaValue>3.1415926535897900073734945</chemdet:AmmoniaValue>
			<chemdet:CarbonDioxideValue>3.1415926535897900073734945</chemdet:CarbonDioxideValue>
			<chemdet:CarbonMonoxideValue>3.1415926535897900073734945</chemdet:CarbonMonoxideValue>
			<chemdet:ChlorineValue>3.1415926535897900073734945</chemdet:ChlorineValue>
			<chemdet:DiboraneValue>3.1415926535897900073734945</chemdet:DiboraneValue>
			<chemdet:HydrogenValue>3.1415926535897900073734945</chemdet:HydrogenValue>
			<chemdet:HydrogenCyanideValue>3.1415926535897900073734945</chemdet:HydrogenCyanideValue>
			<chemdet:HydrogenFlourideValue>3.1415926535897900073734945</chemdet:HydrogenFlourideValue>
			<chemdet:HydrogenSulfideValue>3.1415926535897900073734945</chemdet:HydrogenSulfideValue>
			<chemdet:IodineValue>3.1415926535897900073734945</chemdet:IodineValue>
			<chemdet:MethaneValue>3.1415926535897900073734945</chemdet:MethaneValue>
			<chemdet:NitrogenDioxideValue>3.1415926535897900073734945</chemdet:NitrogenDioxideValue>
			<chemdet:OxygenValue>3.1415926535897900073734945</chemdet:OxygenValue>
			<chemdet:PhosgeneValue>3.1415926535897900073734945</chemdet:PhosgeneValue>
			<chemdet:PhosphineValue>3.1415926535897900073734945</chemdet:PhosphineValue>
			<chemdet:SulfurDioxideValue>3.1415926535897900073734945</chemdet:SulfurDioxideValue>
			<chemdet:OtherChemical>
				<sensor:OtherSensorID>String</sensor:OtherSensorID>
				<sensor:OtherSensorValueText>String</sensor:OtherSensorValueText>
				<sensor:OtherSensorDataTypeCode>INTEGER</sensor:OtherSensorDataTypeCode>
        <sensor:OtherSensorUnitOfMeasureDescriptionText>String</sensor:OtherSensorUnitOfMeasureDescriptionText>
        <sensor:OtherSensorUnitOfMeasureAbbreviationText>abr</sensor:OtherSensorUnitOfMeasureAbbreviationText>
			</chemdet:OtherChemical>
			<chemdet:OtherChemical>
				<sensor:OtherSensorID>String</sensor:OtherSensorID>
				<sensor:OtherSensorValueText>String</sensor:OtherSensorValueText>
				<sensor:OtherSensorDataTypeCode>BOOLEAN</sensor:OtherSensorDataTypeCode>
        <sensor:OtherSensorUnitOfMeasureDescriptionText>String</sensor:OtherSensorUnitOfMeasureDescriptionText>
			</chemdet:OtherChemical>
		</sensor:ChemicalDetail>
		<sensor:DeviceDetail>
			<devdet:FirmwareRevisionText>String</devdet:FirmwareRevisionText>
			<devdet:HardwareRevisionText>String</devdet:HardwareRevisionText>
			<devdet:ManufacturerNameText>String</devdet:ManufacturerNameText>
			<devdet:ModelNumberText>String</devdet:ModelNumberText>
			<devdet:SerialNumberText>String</devdet:SerialNumberText>
			<devdet:SoftwareRevisionText>String</devdet:SoftwareRevisionText>
			<devdet:OtherDevice>
				<sensor:OtherSensorID>String</sensor:OtherSensorID>
				<sensor:OtherSensorValueText>String</sensor:OtherSensorValueText>
				<sensor:OtherSensorDataTypeCode>DOUBLE</sensor:OtherSensorDataTypeCode>
        <sensor:OtherSensorUnitOfMeasureDescriptionText>String</sensor:OtherSensorUnitOfMeasureDescriptionText>
        <sensor:OtherSensorUnitOfMeasureAbbreviationText>abr</sensor:OtherSensorUnitOfMeasureAbbreviationText>
			</devdet:OtherDevice>
			<devdet:OtherDevice>
				<sensor:OtherSensorID>String</sensor:OtherSensorID>
				<sensor:OtherSensorValueText>String</sensor:OtherSensorValueText>
				<sensor:OtherSensorDataTypeCode>STRING</sensor:OtherSensorDataTypeCode>
        <sensor:OtherSensorUnitOfMeasureDescriptionText>String</sensor:OtherSensorUnitOfMeasureDescriptionText>
			</devdet:OtherDevice>
		</sensor:DeviceDetail>
		<sensor:EnvironmentalDetail>
			<envdet:AirPressureValue>3.1415926535897900073734945</envdet:AirPressureValue>
			<envdet:AirTemperatureValue>3.1415926535897900073734945</envdet:AirTemperatureValue>
			<envdet:HumidityPercent>0</envdet:HumidityPercent>
			<envdet:OtherEnvironmental>
				<sensor:OtherSensorID>String</sensor:OtherSensorID>
				<sensor:OtherSensorValueText>String</sensor:OtherSensorValueText>
				<sensor:OtherSensorDataTypeCode>INTEGER</sensor:OtherSensorDataTypeCode>
        <sensor:OtherSensorUnitOfMeasureDescriptionText>String</sensor:OtherSensorUnitOfMeasureDescriptionText>
        <sensor:OtherSensorUnitOfMeasureAbbreviationText>abr</sensor:OtherSensorUnitOfMeasureAbbreviationText>
			</envdet:OtherEnvironmental>
			<envdet:OtherEnvironmental>
				<sensor:OtherSensorID>String</sensor:OtherSensorID>
				<sensor:OtherSensorValueText>String</sensor:OtherSensorValueText>
				<sensor:OtherSensorDataTypeCode>DOUBLE</sensor:OtherSensorDataTypeCode>
        <sensor:OtherSensorUnitOfMeasureDescriptionText>String</sensor:OtherSensorUnitOfMeasureDescriptionText>
			</envdet:OtherEnvironmental>
		</sensor:EnvironmentalDetail>
		<sensor:ExplosiveDetail>
			<expdet:ExplosiveFamily>
				<expdet:AcetyleneOrAcetylideCompoundsValue>3.1415926535897900073734945</expdet:AcetyleneOrAcetylideCompoundsValue>
				<expdet:AciNitroSaltsValue>3.1415926535897900073734945</expdet:AciNitroSaltsValue>
				<expdet:AciNitroquinonoidCompoundsValue>3.1415926535897900073734945</expdet:AciNitroquinonoidCompoundsValue>
				<expdet:AcylAzidesValue>3.1415926535897900073734945</expdet:AcylAzidesValue>
				<expdet:AcylHypohalitesValue>3.1415926535897900073734945</expdet:AcylHypohalitesValue>
				<expdet:AlkylNitratesValue>3.1415926535897900073734945</expdet:AlkylNitratesValue>
				<expdet:AlkylPerchloratesValue>3.1415926535897900073734945</expdet:AlkylPerchloratesValue>
				<expdet:AllylTfmsValue>3.1415926535897900073734945</expdet:AllylTfmsValue>
				<expdet:AmminemetalOxosaltsValue>3.1415926535897900073734945</expdet:AmminemetalOxosaltsValue>
				<expdet:AromaticNitratesValue>3.1415926535897900073734945</expdet:AromaticNitratesValue>
				<expdet:AzidesValue>3.1415926535897900073734945</expdet:AzidesValue>
				<expdet:AziridinesValue>3.1415926535897900073734945</expdet:AziridinesValue>
				<expdet:AzocarbaboranesValue>3.1415926535897900073734945</expdet:AzocarbaboranesValue>
				<expdet:DiazoCompoundsValue>3.1415926535897900073734945</expdet:DiazoCompoundsValue>
				<expdet:DiazoniumCompoundsValue>3.1415926535897900073734945</expdet:DiazoniumCompoundsValue>
				<expdet:DifluoroaminoalkanolsValue>3.1415926535897900073734945</expdet:DifluoroaminoalkanolsValue>
				<expdet:ExplosiveFamilyNoneIndicator>true</expdet:ExplosiveFamilyNoneIndicator>
				<expdet:FluoroNitroCompoundsValue>3.1415926535897900073734945</expdet:FluoroNitroCompoundsValue>
				<expdet:FulminatingMetalsValue>3.1415926535897900073734945</expdet:FulminatingMetalsValue>
				<expdet:FurazanNOxidesValue>3.1415926535897900073734945</expdet:FurazanNOxidesValue>
				<expdet:HodpcSaltsValue>3.1415926535897900073734945</expdet:HodpcSaltsValue>
				<expdet:IodineCompoundsValue>3.1415926535897900073734945</expdet:IodineCompoundsValue>
				<expdet:IsoxazolesValue>3.1415926535897900073734945</expdet:IsoxazolesValue>
				<expdet:MetalAzideHalidesValue>3.1415926535897900073734945</expdet:MetalAzideHalidesValue>
				<expdet:MetalAzidesValue>3.1415926535897900073734945</expdet:MetalAzidesValue>
				<expdet:MetalFulminatesValue>3.1415926535897900073734945</expdet:MetalFulminatesValue>
				<expdet:MetalHalogentatesValue>3.1415926535897900073734945</expdet:MetalHalogentatesValue>
				<expdet:MetalHydridesValue>3.1415926535897900073734945</expdet:MetalHydridesValue>
				<expdet:MetalNitrophenoxidesValue>3.1415926535897900073734945</expdet:MetalNitrophenoxidesValue>
				<expdet:MetalOxidesValue>3.1415926535897900073734945</expdet:MetalOxidesValue>
				<expdet:MetalOxohalogenatesValue>3.1415926535897900073734945</expdet:MetalOxohalogenatesValue>
				<expdet:MetalOxometallatesValue>3.1415926535897900073734945</expdet:MetalOxometallatesValue>
				<expdet:MetalPercoloratesValue>3.1415926535897900073734945</expdet:MetalPercoloratesValue>
				<expdet:MetalPeroxidesValue>3.1415926535897900073734945</expdet:MetalPeroxidesValue>
				<expdet:MetalPeroxomolybdatesValue>3.1415926535897900073734945</expdet:MetalPeroxomolybdatesValue>
				<expdet:MetalPicramatesValue>3.1415926535897900073734945</expdet:MetalPicramatesValue>
				<expdet:NAzoliumNitroimidatesValue>3.1415926535897900073734945</expdet:NAzoliumNitroimidatesValue>
				<expdet:NitroarylCompoundsValue>3.1415926535897900073734945</expdet:NitroarylCompoundsValue>
				<expdet:NitrosoCompoundsValue>3.1415926535897900073734945</expdet:NitrosoCompoundsValue>
				<expdet:NMetalDerivativesValue>3.1415926535897900073734945</expdet:NMetalDerivativesValue>
				<expdet:NSCompoundsValue>3.1415926535897900073734945</expdet:NSCompoundsValue>
				<expdet:OrganicAcidsValue>3.1415926535897900073734945</expdet:OrganicAcidsValue>
				<expdet:OrganicAzidesValue>3.1415926535897900073734945</expdet:OrganicAzidesValue>
				<expdet:OrganolithiumReagentsValue>3.1415926535897900073734945</expdet:OrganolithiumReagentsValue>
				<expdet:OrganomineralPeroxidesValue>3.1415926535897900073734945</expdet:OrganomineralPeroxidesValue>
				<expdet:OximesValue>3.1415926535897900073734945</expdet:OximesValue>
				<expdet:OxosaltsOfNitrogenousBasesValue>3.1415926535897900073734945</expdet:OxosaltsOfNitrogenousBasesValue>
				<expdet:OzonidesValue>3.1415926535897900073734945</expdet:OzonidesValue>
				<expdet:PerchlorateSaltsOfNitrogenousBasesValue>3.1415926535897900073734945</expdet:PerchlorateSaltsOfNitrogenousBasesValue>
				<expdet:PerchlorylCompoundsValue>3.1415926535897900073734945</expdet:PerchlorylCompoundsValue>
				<expdet:PeroxyacidSaltsValue>3.1415926535897900073734945</expdet:PeroxyacidSaltsValue>
				<expdet:PeroxyacidsValue>3.1415926535897900073734945</expdet:PeroxyacidsValue>
				<expdet:PeroxycarbonateEstersValue>3.1415926535897900073734945</expdet:PeroxycarbonateEstersValue>
				<expdet:PhosorusEstersValue>3.1415926535897900073734945</expdet:PhosorusEstersValue>
				<expdet:PicratesValue>3.1415926535897900073734945</expdet:PicratesValue>
				<expdet:PlatinumCompoundsValue>3.1415926535897900073734945</expdet:PlatinumCompoundsValue>
				<expdet:PolyDimercuryimmoniumCompoundsValue>3.1415926535897900073734945</expdet:PolyDimercuryimmoniumCompoundsValue>
				<expdet:PolymerizationViolentValue>3.1415926535897900073734945</expdet:PolymerizationViolentValue>
				<expdet:PolynitroalkylCompoundsValue>3.1415926535897900073734945</expdet:PolynitroalkylCompoundsValue>
				<expdet:PolynitroarylCompoundsValue>3.1415926535897900073734945</expdet:PolynitroarylCompoundsValue>
				<expdet:SilverCompoundsValue>3.1415926535897900073734945</expdet:SilverCompoundsValue>
				<expdet:StrainedRingCompoundsValue>3.1415926535897900073734945</expdet:StrainedRingCompoundsValue>
				<expdet:TetrazolesValue>3.1415926535897900073734945</expdet:TetrazolesValue>
				<expdet:TriazolesValue>3.1415926535897900073734945</expdet:TriazolesValue>
				<expdet:OtherExplosiveFamily>
					<sensor:OtherSensorID>String</sensor:OtherSensorID>
					<sensor:OtherSensorValueText>String</sensor:OtherSensorValueText>
					<sensor:OtherSensorDataTypeCode>STRING</sensor:OtherSensorDataTypeCode>
          <sensor:OtherSensorUnitOfMeasureDescriptionText>String</sensor:OtherSensorUnitOfMeasureDescriptionText>
          <sensor:OtherSensorUnitOfMeasureAbbreviationText>abr</sensor:OtherSensorUnitOfMeasureAbbreviationText>
				</expdet:OtherExplosiveFamily>
				<expdet:OtherExplosiveFamily>
					<sensor:OtherSensorID>String</sensor:OtherSensorID>
					<sensor:OtherSensorValueText>String</sensor:OtherSensorValueText>
					<sensor:OtherSensorDataTypeCode>BOOLEAN</sensor:OtherSensorDataTypeCode>
          <sensor:OtherSensorUnitOfMeasureDescriptionText>String</sensor:OtherSensorUnitOfMeasureDescriptionText>
				</expdet:OtherExplosiveFamily>
			</expdet:ExplosiveFamily>
			<expdet:ExplosivePrecursor>
				<expdet:AmmoniumNitrateValue>3.1415926535897900073734945</expdet:AmmoniumNitrateValue>
				<expdet:AmmoniumPerchlorateValue>3.1415926535897900073734945</expdet:AmmoniumPerchlorateValue>
				<expdet:BariumNitrateValue>3.1415926535897900073734945</expdet:BariumNitrateValue>
				<expdet:ExplosivePrecursorNoneIndicator>true</expdet:ExplosivePrecursorNoneIndicator>
				<expdet:GuanidineNitrateValue>3.1415926535897900073734945</expdet:GuanidineNitrateValue>
				<expdet:HydrogenPeroxideValue>3.1415926535897900073734945</expdet:HydrogenPeroxideValue>
				<expdet:PerchloricAcidValue>3.1415926535897900073734945</expdet:PerchloricAcidValue>
				<expdet:PotassiumChlorateValue>3.1415926535897900073734945</expdet:PotassiumChlorateValue>
				<expdet:PotassiumNitriteValue>3.1415926535897900073734945</expdet:PotassiumNitriteValue>
				<expdet:PotassiumPerchlorateValue>3.1415926535897900073734945</expdet:PotassiumPerchlorateValue>
				<expdet:SodiumChlorateValue>3.1415926535897900073734945</expdet:SodiumChlorateValue>
				<expdet:SodiumNitrateValue>3.1415926535897900073734945</expdet:SodiumNitrateValue>
				<expdet:SodiumNitriteValue>3.1415926535897900073734945</expdet:SodiumNitriteValue>
				<expdet:SodiumPerchlorateValue>3.1415926535897900073734945</expdet:SodiumPerchlorateValue>
				<expdet:TetranitromethaneValue>3.1415926535897900073734945</expdet:TetranitromethaneValue>
				<expdet:OtherExplosivePrecursor>
					<sensor:OtherSensorID>String</sensor:OtherSensorID>
					<sensor:OtherSensorValueText>String</sensor:OtherSensorValueText>
					<sensor:OtherSensorDataTypeCode>INTEGER</sensor:OtherSensorDataTypeCode>
          <sensor:OtherSensorUnitOfMeasureDescriptionText>String</sensor:OtherSensorUnitOfMeasureDescriptionText>
          <sensor:OtherSensorUnitOfMeasureAbbreviationText>abr</sensor:OtherSensorUnitOfMeasureAbbreviationText>
				</expdet:OtherExplosivePrecursor>
				<expdet:OtherExplosivePrecursor>
					<sensor:OtherSensorID>String</sensor:OtherSensorID>
					<sensor:OtherSensorValueText>String</sensor:OtherSensorValueText>
					<sensor:OtherSensorDataTypeCode>INTEGER</sensor:OtherSensorDataTypeCode>
          <sensor:OtherSensorUnitOfMeasureDescriptionText>String</sensor:OtherSensorUnitOfMeasureDescriptionText>
				</expdet:OtherExplosivePrecursor>
			</expdet:ExplosivePrecursor>
		</sensor:ExplosiveDetail>
		<sensor:LocationDetail>
			<locdet:XCoordinateValue>3.1415926535897900073734945</locdet:XCoordinateValue>
			<locdet:YCoordinateValue>3.1415926535897900073734945</locdet:YCoordinateValue>
			<locdet:ZCoordinateValue>3.1415926535897900073734945</locdet:ZCoordinateValue>
			<locdet:XAxisAccelerationRate>3.1415926535897900073734945</locdet:XAxisAccelerationRate>
			<locdet:YAxisAccelerationRate>3.1415926535897900073734945</locdet:YAxisAccelerationRate>
			<locdet:ZAxisAccelerationRate>3.1415926535897900073734945</locdet:ZAxisAccelerationRate>
			<locdet:AccuracyValue>3.1415926535897900073734945</locdet:AccuracyValue>
			<locdet:HeadingValue>3.1415926535897900073734945</locdet:HeadingValue>
			<locdet:VelocityValue>3.1415926535897900073734945</locdet:VelocityValue>
			<locdet:OtherLocation>
				<sensor:OtherSensorID>String</sensor:OtherSensorID>
				<sensor:OtherSensorValueText>String</sensor:OtherSensorValueText>
				<sensor:OtherSensorDataTypeCode>STRING</sensor:OtherSensorDataTypeCode>
        <sensor:OtherSensorUnitOfMeasureDescriptionText>String</sensor:OtherSensorUnitOfMeasureDescriptionText>
        <sensor:OtherSensorUnitOfMeasureAbbreviationText>abr</sensor:OtherSensorUnitOfMeasureAbbreviationText>
			</locdet:OtherLocation>
			<locdet:OtherLocation>
				<sensor:OtherSensorID>String</sensor:OtherSensorID>
				<sensor:OtherSensorValueText>String</sensor:OtherSensorValueText>
				<sensor:OtherSensorDataTypeCode>BOOLEAN</sensor:OtherSensorDataTypeCode>
        <sensor:OtherSensorUnitOfMeasureDescriptionText>String</sensor:OtherSensorUnitOfMeasureDescriptionText>
			</locdet:OtherLocation>
		</sensor:LocationDetail>
		<sensor:PhysiologicalDetail>
			<phydet:BloodGlucoseLevelValue>0</phydet:BloodGlucoseLevelValue>
			<phydet:BloodPressure>
				<phydet:BloodPressureDiastolicValue>0</phydet:BloodPressureDiastolicValue>
				<phydet:BloodPressureSystolicValue>0</phydet:BloodPressureSystolicValue>
			</phydet:BloodPressure>
			<phydet:BodyTemperatureValue>3.1415926535897900073734945</phydet:BodyTemperatureValue>
			<phydet:CO2LevelValue>0</phydet:CO2LevelValue>
			<phydet:HeartRateValue>0</phydet:HeartRateValue>
			<phydet:Hydration>
				<phydet:HydrationMagnesiumValue>3.1415926535897900073734945</phydet:HydrationMagnesiumValue>
				<phydet:HydrationPotassiumValue>3.1415926535897900073734945</phydet:HydrationPotassiumValue>
				<phydet:HydrationSodiumValue>3.1415926535897900073734945</phydet:HydrationSodiumValue>
			</phydet:Hydration>
			<phydet:PhysicalStrainIndexValue>0</phydet:PhysicalStrainIndexValue>
			<phydet:PulseOximetryPercent>0</phydet:PulseOximetryPercent>
			<phydet:RespirationRateValue>0</phydet:RespirationRateValue>
			<phydet:OtherPhysiological>
				<sensor:OtherSensorID>String</sensor:OtherSensorID>
				<sensor:OtherSensorValueText>String</sensor:OtherSensorValueText>
				<sensor:OtherSensorDataTypeCode>BOOLEAN</sensor:OtherSensorDataTypeCode>
        <sensor:OtherSensorUnitOfMeasureDescriptionText>String</sensor:OtherSensorUnitOfMeasureDescriptionText>
        <sensor:OtherSensorUnitOfMeasureAbbreviationText>abr</sensor:OtherSensorUnitOfMeasureAbbreviationText>
			</phydet:OtherPhysiological>
			<phydet:OtherPhysiological>
				<sensor:OtherSensorID>String</sensor:OtherSensorID>
				<sensor:OtherSensorValueText>String</sensor:OtherSensorValueText>
				<sensor:OtherSensorDataTypeCode>BOOLEAN</sensor:OtherSensorDataTypeCode>
        <sensor:OtherSensorUnitOfMeasureDescriptionText>String</sensor:OtherSensorUnitOfMeasureDescriptionText>
			</phydet:OtherPhysiological>
		</sensor:PhysiologicalDetail>
		<sensor:PowerDetail>
			<powdet:BatteryLevelPercent>0</powdet:BatteryLevelPercent>
			<powdet:BatteryRemainingDuration>0</powdet:BatteryRemainingDuration>
			<powdet:OtherPower>
				<sensor:OtherSensorID>String</sensor:OtherSensorID>
				<sensor:OtherSensorValueText>String</sensor:OtherSensorValueText>
				<sensor:OtherSensorDataTypeCode>INTEGER</sensor:OtherSensorDataTypeCode>
        <sensor:OtherSensorUnitOfMeasureDescriptionText>String</sensor:OtherSensorUnitOfMeasureDescriptionText>
        <sensor:OtherSensorUnitOfMeasureAbbreviationText>abr</sensor:OtherSensorUnitOfMeasureAbbreviationText>
			</powdet:OtherPower>
			<powdet:OtherPower>
				<sensor:OtherSensorID>String</sensor:OtherSensorID>
				<sensor:OtherSensorValueText>String</sensor:OtherSensorValueText>
				<sensor:OtherSensorDataTypeCode>BOOLEAN</sensor:OtherSensorDataTypeCode>
        <sensor:OtherSensorUnitOfMeasureDescriptionText>String</sensor:OtherSensorUnitOfMeasureDescriptionText>
			</powdet:OtherPower>
		</sensor:PowerDetail>
		<sensor:RadiologicalDetail>
			<raddet:AlphaValue>3.1415926535897900073734945</raddet:AlphaValue>
			<raddet:BetaValue>3.1415926535897900073734945</raddet:BetaValue>
			<raddet:GammaValue>3.1415926535897900073734945</raddet:GammaValue>
			<raddet:IonizingValue>3.1415926535897900073734945</raddet:IonizingValue>
			<raddet:NeutronValue>3.1415926535897900073734945</raddet:NeutronValue>
			<raddet:OtherRadiological>
				<sensor:OtherSensorID>String</sensor:OtherSensorID>
				<sensor:OtherSensorValueText>String</sensor:OtherSensorValueText>
				<sensor:OtherSensorDataTypeCode>BOOLEAN</sensor:OtherSensorDataTypeCode>
        <sensor:OtherSensorUnitOfMeasureDescriptionText>String</sensor:OtherSensorUnitOfMeasureDescriptionText>
        <sensor:OtherSensorUnitOfMeasureAbbreviationText>abr</sensor:OtherSensorUnitOfMeasureAbbreviationText>
			</raddet:OtherRadiological>
			<raddet:OtherRadiological>
				<sensor:OtherSensorID>String</sensor:OtherSensorID>
				<sensor:OtherSensorValueText>String</sensor:OtherSensorValueText>
				<sensor:OtherSensorDataTypeCode>DOUBLE</sensor:OtherSensorDataTypeCode>
        <sensor:OtherSensorUnitOfMeasureDescriptionText>String</sensor:OtherSensorUnitOfMeasureDescriptionText>
			</raddet:OtherRadiological>
		</sensor:RadiologicalDetail>
	</sensor:SensorDetail>
</emlc:Event>
