<emlc:Event xmlns:xsi="http://www.w3.org/2001/XMLSchema-instance" xmlns:xsd="http://www.w3.org/2001/XMLSchema" 
		xmlns:emevent="http://release.niem.gov/niem/domains/emergencyManagement/4.0/emevent/2.0/" xmlns:gml="http://www.opengis.net/gml/3.2" 
		xmlns:mo="http://release.niem.gov/niem/domains/militaryOperations/4.0/" xmlns:nc="http://release.niem.gov/niem/niem-core/4.0/" 
		xmlns:xls="http://release.niem.gov/niem/external/ogc/xls/1.1.0/dhs-gmo/2.1.0"
		xmlns:xlink="http://www.w3.org/1999/xlink" 						
		xmlns:emlc="http://release.niem.gov/niem/domains/emergencyManagement/4.0/emevent/2.0/emlc/">
	<emevent:EventTypeDescriptor>
		<emevent:EventTypeCode>ATOM.GRDTRK.EQT.GRDVEH.CVLVEH.EM.EMS.AMBULANCE.ALS</emevent:EventTypeCode>
	</emevent:EventTypeDescriptor>
	<mo:EventLocation>
		<mo:WGS84LocationCylinder>
			<mo:WGS84LocationPoint>
				<gml:Point gml:id="ID22703976" srsName="http://metadata.ces.mil/mdr/ns/GSIP/crs/WGS84E_3D">
					<gml:pos>0 0</gml:pos>
				</gml:Point>
			</mo:WGS84LocationPoint>
			<mo:LocationCylinderRadiusValue>0.0</mo:LocationCylinderRadiusValue>
			<mo:LocationCylinderHalfHeightValue>0.0</mo:LocationCylinderHalfHeightValue>
			<mo:LocationCreationCode>HUMAN</mo:LocationCreationCode>
		</mo:WGS84LocationCylinder>
	</mo:EventLocation>
	<mo:EventValidityDateTimeRange>
		<nc:StartDate>
			<nc:DateTime>2018-05-25T16:25:18.6445476Z</nc:DateTime>
		</nc:StartDate>
		<nc:EndDate>
			<nc:DateTime>2018-05-25T18:25:18.6445477Z</nc:DateTime>
		</nc:EndDate>
	</mo:EventValidityDateTimeRange>
	<mo:EventMessageDateTime>
		<nc:DateTime>2018-05-25T16:25:18.6445476Z</nc:DateTime>
	</mo:EventMessageDateTime>
	<emevent:EventID>
		<nc:IdentificationID>CA.LFD.RA52</nc:IdentificationID>
	</emevent:EventID>
	<emlc:ResourceDetail>
		<emlc:ResourceStatus>
			<emlc:ResourcePrimaryStatus>AVAILABLE</emlc:ResourcePrimaryStatus>
		</emlc:ResourceStatus>
		<emlc:ResourceOwningOrganization>
			<nc:OrganizationIdentification>
				<nc:IdentificationID>LAFD</nc:IdentificationID>
			</nc:OrganizationIdentification>
			<emlc:ResourceIdentifier>
				<nc:IdentificationID>RA52</nc:IdentificationID>
			</emlc:ResourceIdentifier>
		</emlc:ResourceOwningOrganization>
	</emlc:ResourceDetail>
</emlc:Event>
